MAE,RMSE
0.030464050721877547,0.042292232930098456
