MAE,RMSE
0.014463040845110365,0.020035437397447564
