Model,MAE,RMSE
CLSTM,43.5626771216299,60.3467368262176
BPNN,91.75772393918506,127.3842195331919
